{"cameraMode":{"drawMode":0,"name":"Shaded","section":"Shading Mode"},"sceneLighting":true,"audioPlay":false,"sceneViewState":{"m_AlwaysRefresh":false,"showFog":true,"showSkybox":true,"showFlares":true,"showImageEffects":true,"showParticleSystems":true,"showVisualEffectGraphs":true,"m_FxEnabled":true},"in2DMode":false,"pivot":{"x":12.431923866271973,"y":7.851734161376953,"z":18.136157989501954},"rotation":{"x":-0.0695524588227272,"y":0.9197657704353333,"z":-0.19027645885944367,"w":-0.33617207407951357},"size":11.102495193481446,"orthographic":true}